Type,Name,Request Count,Failure Count,Median Response Time,Average Response Time,Min Response Time,Max Response Time,Average Content Size,Requests/s,Failures/s,50%,66%,75%,80%,90%,95%,98%,99%,99.9%,99.99%,100%
GET,/api/v1/accounts,100,0,2400.0,3633.438924289949,576.3090359978378,16830.277925997507,913.0,1.7354327066014883,0.0,2400,3200,4600,5600,8400,12000,14000,17000,17000,17000,17000
GET,/api/v1/accounts/fef8369e-48c1-42fc-bb85-5df4bec0f04a/balance?as_of=2026-06-14T05%3A54%3A33.079728%2B00%3A00,1,0,6724.386834997858,6724.386834997858,6724.386834997858,6724.386834997858,57.0,0.01735432706601488,0.0,6700,6700,6700,6700,6700,6700,6700,6700,6700,6700,6700
GET,/api/v1/accounts/fef8369e-48c1-42fc-bb85-5df4bec0f04a/balance?as_of=2026-06-14T05%3A54%3A33.825094%2B00%3A00,1,0,6405.214147998777,6405.214147998777,6405.214147998777,6405.214147998777,57.0,0.01735432706601488,0.0,6400,6400,6400,6400,6400,6400,6400,6400,6400,6400,6400
GET,/api/v1/accounts/fef8369e-48c1-42fc-bb85-5df4bec0f04a/balance?as_of=2026-06-14T05%3A54%3A34.756946%2B00%3A00,1,0,5798.454749005032,5798.454749005032,5798.454749005032,5798.454749005032,57.0,0.01735432706601488,0.0,5800,5800,5800,5800,5800,5800,5800,5800,5800,5800,5800
GET,/api/v1/accounts/fef8369e-48c1-42fc-bb85-5df4bec0f04a/balance?as_of=2026-06-14T05%3A54%3A35.523314%2B00%3A00,1,0,5035.247980995337,5035.247980995337,5035.247980995337,5035.247980995337,57.0,0.01735432706601488,0.0,5000,5000,5000,5000,5000,5000,5000,5000,5000,5000,5000
GET,/api/v1/accounts/fef8369e-48c1-42fc-bb85-5df4bec0f04a/balance?as_of=2026-06-14T05%3A54%3A36.361929%2B00%3A00,1,0,4244.71314100083,4244.71314100083,4244.71314100083,4244.71314100083,57.0,0.01735432706601488,0.0,4200,4200,4200,4200,4200,4200,4200,4200,4200,4200,4200
GET,/api/v1/accounts/fef8369e-48c1-42fc-bb85-5df4bec0f04a/balance?as_of=2026-06-14T05%3A54%3A37.084063%2B00%3A00,1,0,5584.803723002551,5584.803723002551,5584.803723002551,5584.803723002551,57.0,0.01735432706601488,0.0,5600,5600,5600,5600,5600,5600,5600,5600,5600,5600,5600
GET,/api/v1/accounts/fef8369e-48c1-42fc-bb85-5df4bec0f04a/balance?as_of=2026-06-14T05%3A54%3A39.092323%2B00%3A00,1,0,4308.428894997633,4308.428894997633,4308.428894997633,4308.428894997633,57.0,0.01735432706601488,0.0,4300,4300,4300,4300,4300,4300,4300,4300,4300,4300,4300
GET,/api/v1/accounts/fef8369e-48c1-42fc-bb85-5df4bec0f04a/balance?as_of=2026-06-14T05%3A54%3A39.564440%2B00%3A00,1,0,3672.1170820019324,3672.1170820019324,3672.1170820019324,3672.1170820019324,57.0,0.01735432706601488,0.0,3700,3700,3700,3700,3700,3700,3700,3700,3700,3700,3700
GET,/api/v1/accounts/fef8369e-48c1-42fc-bb85-5df4bec0f04a/balance?as_of=2026-06-14T05%3A54%3A39.684289%2B00%3A00,1,0,7342.458853003336,7342.458853003336,7342.458853003336,7342.458853003336,57.0,0.01735432706601488,0.0,7300,7300,7300,7300,7300,7300,7300,7300,7300,7300,7300
GET,/api/v1/accounts/fef8369e-48c1-42fc-bb85-5df4bec0f04a/balance?as_of=2026-06-14T05%3A54%3A40.435880%2B00%3A00,1,0,6800.847503000114,6800.847503000114,6800.847503000114,6800.847503000114,57.0,0.01735432706601488,0.0,6800,6800,6800,6800,6800,6800,6800,6800,6800,6800,6800
GET,/api/v1/accounts/fef8369e-48c1-42fc-bb85-5df4bec0f04a/balance?as_of=2026-06-14T05%3A54%3A41.240769%2B00%3A00,1,0,5995.072672994866,5995.072672994866,5995.072672994866,5995.072672994866,57.0,0.01735432706601488,0.0,6000,6000,6000,6000,6000,6000,6000,6000,6000,6000,6000
GET,/api/v1/accounts/fef8369e-48c1-42fc-bb85-5df4bec0f04a/balance?as_of=2026-06-14T05%3A54%3A41.722170%2B00%3A00,1,0,3935.3005590019166,3935.3005590019166,3935.3005590019166,3935.3005590019166,57.0,0.01735432706601488,0.0,3900,3900,3900,3900,3900,3900,3900,3900,3900,3900,3900
GET,/api/v1/accounts/fef8369e-48c1-42fc-bb85-5df4bec0f04a/balance?as_of=2026-06-14T05%3A54%3A42.702291%2B00%3A00,1,0,4641.24417599669,4641.24417599669,4641.24417599669,4641.24417599669,57.0,0.01735432706601488,0.0,4600,4600,4600,4600,4600,4600,4600,4600,4600,4600,4600
GET,/api/v1/accounts/fef8369e-48c1-42fc-bb85-5df4bec0f04a/balance?as_of=2026-06-14T05%3A54%3A42.713724%2B00%3A00,1,0,4243.916644998535,4243.916644998535,4243.916644998535,4243.916644998535,57.0,0.01735432706601488,0.0,4200,4200,4200,4200,4200,4200,4200,4200,4200,4200,4200
GET,/api/v1/accounts/fef8369e-48c1-42fc-bb85-5df4bec0f04a/balance?as_of=2026-06-14T05%3A54%3A45.040902%2B00%3A00,1,0,1987.3563869987265,1987.3563869987265,1987.3563869987265,1987.3563869987265,57.0,0.01735432706601488,0.0,2000,2000,2000,2000,2000,2000,2000,2000,2000,2000,2000
GET,/api/v1/accounts/fef8369e-48c1-42fc-bb85-5df4bec0f04a/balance?as_of=2026-06-14T05%3A54%3A45.414845%2B00%3A00,1,0,2433.1321619974915,2433.1321619974915,2433.1321619974915,2433.1321619974915,57.0,0.01735432706601488,0.0,2400,2400,2400,2400,2400,2400,2400,2400,2400,2400,2400
GET,/api/v1/accounts/fef8369e-48c1-42fc-bb85-5df4bec0f04a/balance?as_of=2026-06-14T05%3A54%3A45.540241%2B00%3A00,1,0,1739.073492004536,1739.073492004536,1739.073492004536,1739.073492004536,57.0,0.01735432706601488,0.0,1700,1700,1700,1700,1700,1700,1700,1700,1700,1700,1700
GET,/api/v1/accounts/fef8369e-48c1-42fc-bb85-5df4bec0f04a/balance?as_of=2026-06-14T05%3A54%3A45.608880%2B00%3A00,1,0,1669.226341000467,1669.226341000467,1669.226341000467,1669.226341000467,57.0,0.01735432706601488,0.0,1700,1700,1700,1700,1700,1700,1700,1700,1700,1700,1700
GET,/api/v1/accounts/fef8369e-48c1-42fc-bb85-5df4bec0f04a/balance?as_of=2026-06-14T05%3A54%3A45.619441%2B00%3A00,1,0,1506.0027380022802,1506.0027380022802,1506.0027380022802,1506.0027380022802,57.0,0.01735432706601488,0.0,1500,1500,1500,1500,1500,1500,1500,1500,1500,1500,1500
GET,/api/v1/accounts/fef8369e-48c1-42fc-bb85-5df4bec0f04a/balance?as_of=2026-06-14T05%3A54%3A45.622047%2B00%3A00,1,0,1502.973747003125,1502.973747003125,1502.973747003125,1502.973747003125,57.0,0.01735432706601488,0.0,1500,1500,1500,1500,1500,1500,1500,1500,1500,1500,1500
GET,/api/v1/accounts/fef8369e-48c1-42fc-bb85-5df4bec0f04a/balance?as_of=2026-06-14T05%3A54%3A45.946254%2B00%3A00,1,0,1678.4990509986528,1678.4990509986528,1678.4990509986528,1678.4990509986528,57.0,0.01735432706601488,0.0,1700,1700,1700,1700,1700,1700,1700,1700,1700,1700,1700
GET,/api/v1/accounts/fef8369e-48c1-42fc-bb85-5df4bec0f04a/balance?as_of=2026-06-14T05%3A54%3A45.948995%2B00%3A00,1,0,1753.8257780033746,1753.8257780033746,1753.8257780033746,1753.8257780033746,57.0,0.01735432706601488,0.0,1800,1800,1800,1800,1800,1800,1800,1800,1800,1800,1800
GET,/api/v1/accounts/fef8369e-48c1-42fc-bb85-5df4bec0f04a/balance?as_of=2026-06-14T05%3A54%3A47.206554%2B00%3A00,1,0,1858.3960269970703,1858.3960269970703,1858.3960269970703,1858.3960269970703,57.0,0.01735432706601488,0.0,1900,1900,1900,1900,1900,1900,1900,1900,1900,1900,1900
GET,/api/v1/accounts/fef8369e-48c1-42fc-bb85-5df4bec0f04a/balance?as_of=2026-06-14T05%3A54%3A47.237263%2B00%3A00,1,0,1969.3810479948297,1969.3810479948297,1969.3810479948297,1969.3810479948297,57.0,0.01735432706601488,0.0,2000,2000,2000,2000,2000,2000,2000,2000,2000,2000,2000
GET,/api/v1/accounts/fef8369e-48c1-42fc-bb85-5df4bec0f04a/balance?as_of=2026-06-14T05%3A54%3A47.316170%2B00%3A00,1,0,1426.0909119984717,1426.0909119984717,1426.0909119984717,1426.0909119984717,57.0,0.01735432706601488,0.0,1400,1400,1400,1400,1400,1400,1400,1400,1400,1400,1400
GET,/api/v1/accounts/fef8369e-48c1-42fc-bb85-5df4bec0f04a/balance?as_of=2026-06-14T05%3A54%3A47.475813%2B00%3A00,1,0,1566.8651660016621,1566.8651660016621,1566.8651660016621,1566.8651660016621,57.0,0.01735432706601488,0.0,1600,1600,1600,1600,1600,1600,1600,1600,1600,1600,1600
GET,/api/v1/accounts/fef8369e-48c1-42fc-bb85-5df4bec0f04a/balance?as_of=2026-06-14T05%3A54%3A47.497999%2B00%3A00,1,0,1703.402092003671,1703.402092003671,1703.402092003671,1703.402092003671,57.0,0.01735432706601488,0.0,1700,1700,1700,1700,1700,1700,1700,1700,1700,1700,1700
GET,/api/v1/accounts/fef8369e-48c1-42fc-bb85-5df4bec0f04a/balance?as_of=2026-06-14T05%3A54%3A48.400558%2B00%3A00,1,0,1195.491011996637,1195.491011996637,1195.491011996637,1195.491011996637,57.0,0.01735432706601488,0.0,1200,1200,1200,1200,1200,1200,1200,1200,1200,1200,1200
GET,/api/v1/accounts/fef8369e-48c1-42fc-bb85-5df4bec0f04a/balance?as_of=2026-06-14T05%3A54%3A48.416861%2B00%3A00,1,0,1783.4485460043652,1783.4485460043652,1783.4485460043652,1783.4485460043652,57.0,0.01735432706601488,0.0,1800,1800,1800,1800,1800,1800,1800,1800,1800,1800,1800
GET,/api/v1/accounts/fef8369e-48c1-42fc-bb85-5df4bec0f04a/balance?as_of=2026-06-14T05%3A54%3A48.583394%2B00%3A00,1,0,424.1596049978398,424.1596049978398,424.1596049978398,424.1596049978398,57.0,0.01735432706601488,0.0,420,420,420,420,420,420,420,420,420,420,420
GET,/api/v1/accounts/fef8369e-48c1-42fc-bb85-5df4bec0f04a/balance?as_of=2026-06-14T05%3A54%3A48.681003%2B00%3A00,1,0,1344.5881540028495,1344.5881540028495,1344.5881540028495,1344.5881540028495,57.0,0.01735432706601488,0.0,1300,1300,1300,1300,1300,1300,1300,1300,1300,1300,1300
GET,/api/v1/accounts/fef8369e-48c1-42fc-bb85-5df4bec0f04a/balance?as_of=2026-06-14T05%3A54%3A48.906179%2B00%3A00,1,0,689.1975569960778,689.1975569960778,689.1975569960778,689.1975569960778,57.0,0.01735432706601488,0.0,690,690,690,690,690,690,690,690,690,690,690
GET,/api/v1/accounts/fef8369e-48c1-42fc-bb85-5df4bec0f04a/balance?as_of=2026-06-14T05%3A54%3A49.017854%2B00%3A00,1,0,625.9718999936013,625.9718999936013,625.9718999936013,625.9718999936013,57.0,0.01735432706601488,0.0,630,630,630,630,630,630,630,630,630,630,630
GET,/api/v1/accounts/fef8369e-48c1-42fc-bb85-5df4bec0f04a/balance?as_of=2026-06-14T05%3A54%3A49.023715%2B00%3A00,1,0,1113.2079500021064,1113.2079500021064,1113.2079500021064,1113.2079500021064,57.0,0.01735432706601488,0.0,1100,1100,1100,1100,1100,1100,1100,1100,1100,1100,1100
GET,/api/v1/accounts/fef8369e-48c1-42fc-bb85-5df4bec0f04a/balance?as_of=2026-06-14T05%3A54%3A49.183365%2B00%3A00,1,0,978.1407349946676,978.1407349946676,978.1407349946676,978.1407349946676,57.0,0.01735432706601488,0.0,980,980,980,980,980,980,980,980,980,980,980
GET,/api/v1/accounts/fef8369e-48c1-42fc-bb85-5df4bec0f04a/balance?as_of=2026-06-14T05%3A54%3A49.560399%2B00%3A00,1,0,1284.4752410019282,1284.4752410019282,1284.4752410019282,1284.4752410019282,57.0,0.01735432706601488,0.0,1300,1300,1300,1300,1300,1300,1300,1300,1300,1300,1300
GET,/api/v1/accounts/fef8369e-48c1-42fc-bb85-5df4bec0f04a/balance?as_of=2026-06-14T05%3A54%3A49.804458%2B00%3A00,1,0,919.1607399989152,919.1607399989152,919.1607399989152,919.1607399989152,57.0,0.01735432706601488,0.0,920,920,920,920,920,920,920,920,920,920,920
GET,/api/v1/accounts/fef8369e-48c1-42fc-bb85-5df4bec0f04a/balance?as_of=2026-06-14T05%3A54%3A50.051846%2B00%3A00,1,0,556.5168510001968,556.5168510001968,556.5168510001968,556.5168510001968,57.0,0.01735432706601488,0.0,560,560,560,560,560,560,560,560,560,560,560
GET,/api/v1/accounts/fef8369e-48c1-42fc-bb85-5df4bec0f04a/balance?as_of=2026-06-14T05%3A54%3A50.202038%2B00%3A00,1,0,392.98159700410906,392.98159700410906,392.98159700410906,392.98159700410906,57.0,0.01735432706601488,0.0,390,390,390,390,390,390,390,390,390,390,390
GET,/api/v1/accounts/fef8369e-48c1-42fc-bb85-5df4bec0f04a/balance?as_of=2026-06-14T05%3A54%3A50.249345%2B00%3A00,1,0,604.6293330000481,604.6293330000481,604.6293330000481,604.6293330000481,57.0,0.01735432706601488,0.0,600,600,600,600,600,600,600,600,600,600,600
GET,/api/v1/accounts/fef8369e-48c1-42fc-bb85-5df4bec0f04a/balance?as_of=2026-06-14T05%3A54%3A50.549793%2B00%3A00,1,0,654.6430300004431,654.6430300004431,654.6430300004431,654.6430300004431,57.0,0.01735432706601488,0.0,650,650,650,650,650,650,650,650,650,650,650
GET,/api/v1/accounts/fef8369e-48c1-42fc-bb85-5df4bec0f04a/balance?as_of=2026-06-14T05%3A54%3A50.553175%2B00%3A00,1,0,441.3331210016622,441.3331210016622,441.3331210016622,441.3331210016622,57.0,0.01735432706601488,0.0,440,440,440,440,440,440,440,440,440,440,440
GET,/api/v1/accounts/fef8369e-48c1-42fc-bb85-5df4bec0f04a/balance?as_of=2026-06-14T05%3A54%3A50.563574%2B00%3A00,1,0,1153.3092960016802,1153.3092960016802,1153.3092960016802,1153.3092960016802,57.0,0.01735432706601488,0.0,1200,1200,1200,1200,1200,1200,1200,1200,1200,1200,1200
GET,/api/v1/accounts/fef8369e-48c1-42fc-bb85-5df4bec0f04a/balance?as_of=2026-06-14T05%3A54%3A50.691943%2B00%3A00,1,0,1066.4136490013334,1066.4136490013334,1066.4136490013334,1066.4136490013334,57.0,0.01735432706601488,0.0,1100,1100,1100,1100,1100,1100,1100,1100,1100,1100,1100
GET,/api/v1/accounts/fef8369e-48c1-42fc-bb85-5df4bec0f04a/balance?as_of=2026-06-14T05%3A54%3A50.813660%2B00%3A00,1,0,1700.0830599936307,1700.0830599936307,1700.0830599936307,1700.0830599936307,57.0,0.01735432706601488,0.0,1700,1700,1700,1700,1700,1700,1700,1700,1700,1700,1700
GET,/api/v1/accounts/fef8369e-48c1-42fc-bb85-5df4bec0f04a/balance?as_of=2026-06-14T05%3A54%3A51.033595%2B00%3A00,1,0,970.8566379995318,970.8566379995318,970.8566379995318,970.8566379995318,57.0,0.01735432706601488,0.0,970,970,970,970,970,970,970,970,970,970,970
GET,/api/v1/accounts/fef8369e-48c1-42fc-bb85-5df4bec0f04a/balance?as_of=2026-06-14T05%3A54%3A51.061756%2B00%3A00,1,0,1414.8434650051058,1414.8434650051058,1414.8434650051058,1414.8434650051058,57.0,0.01735432706601488,0.0,1400,1400,1400,1400,1400,1400,1400,1400,1400,1400,1400
GET,/api/v1/accounts/fef8369e-48c1-42fc-bb85-5df4bec0f04a/balance?as_of=2026-06-14T05%3A54%3A51.079004%2B00%3A00,1,0,1397.2816540044732,1397.2816540044732,1397.2816540044732,1397.2816540044732,57.0,0.01735432706601488,0.0,1400,1400,1400,1400,1400,1400,1400,1400,1400,1400,1400
GET,/api/v1/accounts/fef8369e-48c1-42fc-bb85-5df4bec0f04a/balance?as_of=2026-06-14T05%3A54%3A51.080685%2B00%3A00,1,0,1432.499018003,1432.499018003,1432.499018003,1432.499018003,57.0,0.01735432706601488,0.0,1400,1400,1400,1400,1400,1400,1400,1400,1400,1400,1400
GET,/api/v1/accounts/fef8369e-48c1-42fc-bb85-5df4bec0f04a/balance?as_of=2026-06-14T05%3A54%3A51.109562%2B00%3A00,1,0,1182.7399300018442,1182.7399300018442,1182.7399300018442,1182.7399300018442,57.0,0.01735432706601488,0.0,1200,1200,1200,1200,1200,1200,1200,1200,1200,1200,1200
GET,/api/v1/accounts/fef8369e-48c1-42fc-bb85-5df4bec0f04a/balance?as_of=2026-06-14T05%3A54%3A51.158179%2B00%3A00,1,0,1791.0902029980207,1791.0902029980207,1791.0902029980207,1791.0902029980207,57.0,0.01735432706601488,0.0,1800,1800,1800,1800,1800,1800,1800,1800,1800,1800,1800
GET,/api/v1/accounts/fef8369e-48c1-42fc-bb85-5df4bec0f04a/balance?as_of=2026-06-14T05%3A54%3A51.216174%2B00%3A00,1,0,1076.087044995802,1076.087044995802,1076.087044995802,1076.087044995802,57.0,0.01735432706601488,0.0,1100,1100,1100,1100,1100,1100,1100,1100,1100,1100,1100
GET,/api/v1/accounts/fef8369e-48c1-42fc-bb85-5df4bec0f04a/balance?as_of=2026-06-14T05%3A54%3A51.305793%2B00%3A00,1,0,2216.9808029939304,2216.9808029939304,2216.9808029939304,2216.9808029939304,57.0,0.01735432706601488,0.0,2200,2200,2200,2200,2200,2200,2200,2200,2200,2200,2200
GET,/api/v1/accounts/fef8369e-48c1-42fc-bb85-5df4bec0f04a/balance?as_of=2026-06-14T05%3A54%3A51.320083%2B00%3A00,1,0,1221.4919369944255,1221.4919369944255,1221.4919369944255,1221.4919369944255,57.0,0.01735432706601488,0.0,1200,1200,1200,1200,1200,1200,1200,1200,1200,1200,1200
GET,/api/v1/accounts/fef8369e-48c1-42fc-bb85-5df4bec0f04a/balance?as_of=2026-06-14T05%3A54%3A51.545525%2B00%3A00,1,0,1404.2545279953629,1404.2545279953629,1404.2545279953629,1404.2545279953629,57.0,0.01735432706601488,0.0,1400,1400,1400,1400,1400,1400,1400,1400,1400,1400,1400
GET,/api/v1/accounts/fef8369e-48c1-42fc-bb85-5df4bec0f04a/balance?as_of=2026-06-14T05%3A54%3A51.633915%2B00%3A00,1,0,1346.437373002118,1346.437373002118,1346.437373002118,1346.437373002118,57.0,0.01735432706601488,0.0,1300,1300,1300,1300,1300,1300,1300,1300,1300,1300,1300
GET,/api/v1/accounts/fef8369e-48c1-42fc-bb85-5df4bec0f04a/balance?as_of=2026-06-14T05%3A54%3A51.639419%2B00%3A00,1,0,2193.7507440015906,2193.7507440015906,2193.7507440015906,2193.7507440015906,57.0,0.01735432706601488,0.0,2200,2200,2200,2200,2200,2200,2200,2200,2200,2200,2200
GET,/api/v1/accounts/fef8369e-48c1-42fc-bb85-5df4bec0f04a/balance?as_of=2026-06-14T05%3A54%3A51.702452%2B00%3A00,1,0,2191.466295000282,2191.466295000282,2191.466295000282,2191.466295000282,57.0,0.01735432706601488,0.0,2200,2200,2200,2200,2200,2200,2200,2200,2200,2200,2200
GET,/api/v1/accounts/fef8369e-48c1-42fc-bb85-5df4bec0f04a/balance?as_of=2026-06-14T05%3A54%3A51.842752%2B00%3A00,1,0,1439.09921899467,1439.09921899467,1439.09921899467,1439.09921899467,57.0,0.01735432706601488,0.0,1400,1400,1400,1400,1400,1400,1400,1400,1400,1400,1400
GET,/api/v1/accounts/fef8369e-48c1-42fc-bb85-5df4bec0f04a/balance?as_of=2026-06-14T05%3A54%3A51.942567%2B00%3A00,1,0,1063.3116940007312,1063.3116940007312,1063.3116940007312,1063.3116940007312,57.0,0.01735432706601488,0.0,1100,1100,1100,1100,1100,1100,1100,1100,1100,1100,1100
GET,/api/v1/accounts/fef8369e-48c1-42fc-bb85-5df4bec0f04a/balance?as_of=2026-06-14T05%3A54%3A51.968551%2B00%3A00,1,0,1503.0466340031126,1503.0466340031126,1503.0466340031126,1503.0466340031126,57.0,0.01735432706601488,0.0,1500,1500,1500,1500,1500,1500,1500,1500,1500,1500,1500
GET,/api/v1/accounts/fef8369e-48c1-42fc-bb85-5df4bec0f04a/balance?as_of=2026-06-14T05%3A54%3A52.272255%2B00%3A00,1,0,1460.7588009967003,1460.7588009967003,1460.7588009967003,1460.7588009967003,57.0,0.01735432706601488,0.0,1500,1500,1500,1500,1500,1500,1500,1500,1500,1500,1500
GET,/api/v1/accounts/fef8369e-48c1-42fc-bb85-5df4bec0f04a/balance?as_of=2026-06-14T05%3A54%3A52.385877%2B00%3A00,1,0,1850.3368330057128,1850.3368330057128,1850.3368330057128,1850.3368330057128,57.0,0.01735432706601488,0.0,1900,1900,1900,1900,1900,1900,1900,1900,1900,1900,1900
GET,/api/v1/accounts/fef8369e-48c1-42fc-bb85-5df4bec0f04a/balance?as_of=2026-06-14T05%3A54%3A52.400102%2B00%3A00,1,0,1900.5668319950928,1900.5668319950928,1900.5668319950928,1900.5668319950928,57.0,0.01735432706601488,0.0,1900,1900,1900,1900,1900,1900,1900,1900,1900,1900,1900
GET,/api/v1/accounts/fef8369e-48c1-42fc-bb85-5df4bec0f04a/balance?as_of=2026-06-14T05%3A54%3A52.447258%2B00%3A00,1,0,1110.9259320001001,1110.9259320001001,1110.9259320001001,1110.9259320001001,57.0,0.01735432706601488,0.0,1100,1100,1100,1100,1100,1100,1100,1100,1100,1100,1100
GET,/api/v1/accounts/fef8369e-48c1-42fc-bb85-5df4bec0f04a/balance?as_of=2026-06-14T05%3A54%3A52.510931%2B00%3A00,1,0,1790.1498659994104,1790.1498659994104,1790.1498659994104,1790.1498659994104,57.0,0.01735432706601488,0.0,1800,1800,1800,1800,1800,1800,1800,1800,1800,1800,1800
GET,/api/v1/accounts/fef8369e-48c1-42fc-bb85-5df4bec0f04a/balance?as_of=2026-06-14T05%3A54%3A52.610137%2B00%3A00,1,0,2379.4270389989833,2379.4270389989833,2379.4270389989833,2379.4270389989833,57.0,0.01735432706601488,0.0,2400,2400,2400,2400,2400,2400,2400,2400,2400,2400,2400
GET,/api/v1/accounts/fef8369e-48c1-42fc-bb85-5df4bec0f04a/balance?as_of=2026-06-14T05%3A54%3A52.614011%2B00%3A00,1,0,2327.443417001632,2327.443417001632,2327.443417001632,2327.443417001632,57.0,0.01735432706601488,0.0,2300,2300,2300,2300,2300,2300,2300,2300,2300,2300,2300
GET,/api/v1/accounts/fef8369e-48c1-42fc-bb85-5df4bec0f04a/balance?as_of=2026-06-14T05%3A54%3A52.939047%2B00%3A00,1,0,1926.413125002,1926.413125002,1926.413125002,1926.413125002,57.0,0.01735432706601488,0.0,1900,1900,1900,1900,1900,1900,1900,1900,1900,1900,1900
GET,/api/v1/accounts/fef8369e-48c1-42fc-bb85-5df4bec0f04a/balance?as_of=2026-06-14T05%3A54%3A53.053500%2B00%3A00,1,0,4017.977940995479,4017.977940995479,4017.977940995479,4017.977940995479,57.0,0.01735432706601488,0.0,4000,4000,4000,4000,4000,4000,4000,4000,4000,4000,4000
GET,/api/v1/accounts/fef8369e-48c1-42fc-bb85-5df4bec0f04a/balance?as_of=2026-06-14T05%3A54%3A53.441472%2B00%3A00,1,0,4561.015260995191,4561.015260995191,4561.015260995191,4561.015260995191,57.0,0.01735432706601488,0.0,4600,4600,4600,4600,4600,4600,4600,4600,4600,4600,4600
GET,/api/v1/accounts/fef8369e-48c1-42fc-bb85-5df4bec0f04a/balance?as_of=2026-06-14T05%3A54%3A54.000740%2B00%3A00,1,0,784.8153849990922,784.8153849990922,784.8153849990922,784.8153849990922,57.0,0.01735432706601488,0.0,780,780,780,780,780,780,780,780,780,780,780
GET,/api/v1/accounts/fef8369e-48c1-42fc-bb85-5df4bec0f04a/balance?as_of=2026-06-14T05%3A54%3A54.025287%2B00%3A00,1,0,949.0767130046152,949.0767130046152,949.0767130046152,949.0767130046152,57.0,0.01735432706601488,0.0,950,950,950,950,950,950,950,950,950,950,950
GET,/api/v1/accounts/fef8369e-48c1-42fc-bb85-5df4bec0f04a/balance?as_of=2026-06-14T05%3A54%3A54.212132%2B00%3A00,1,0,1125.87373599672,1125.87373599672,1125.87373599672,1125.87373599672,57.0,0.01735432706601488,0.0,1100,1100,1100,1100,1100,1100,1100,1100,1100,1100,1100
GET,/api/v1/accounts/fef8369e-48c1-42fc-bb85-5df4bec0f04a/balance?as_of=2026-06-14T05%3A54%3A54.305296%2B00%3A00,1,0,3941.285034001339,3941.285034001339,3941.285034001339,3941.285034001339,57.0,0.01735432706601488,0.0,3900,3900,3900,3900,3900,3900,3900,3900,3900,3900,3900
GET,/api/v1/accounts/fef8369e-48c1-42fc-bb85-5df4bec0f04a/balance?as_of=2026-06-14T05%3A54%3A54.357952%2B00%3A00,1,0,415.83307800465263,415.83307800465263,415.83307800465263,415.83307800465263,57.0,0.01735432706601488,0.0,420,420,420,420,420,420,420,420,420,420,420
GET,/api/v1/accounts/fef8369e-48c1-42fc-bb85-5df4bec0f04a/balance?as_of=2026-06-14T05%3A54%3A54.635367%2B00%3A00,1,0,229.68696199677652,229.68696199677652,229.68696199677652,229.68696199677652,57.0,0.01735432706601488,0.0,230,230,230,230,230,230,230,230,230,230,230
GET,/api/v1/accounts/fef8369e-48c1-42fc-bb85-5df4bec0f04a/balance?as_of=2026-06-14T05%3A54%3A54.649021%2B00%3A00,1,0,1837.9608859977452,1837.9608859977452,1837.9608859977452,1837.9608859977452,57.0,0.01735432706601488,0.0,1800,1800,1800,1800,1800,1800,1800,1800,1800,1800,1800
GET,/api/v1/accounts/fef8369e-48c1-42fc-bb85-5df4bec0f04a/balance?as_of=2026-06-14T05%3A54%3A54.866420%2B00%3A00,1,0,1618.8472219946561,1618.8472219946561,1618.8472219946561,1618.8472219946561,57.0,0.01735432706601488,0.0,1600,1600,1600,1600,1600,1600,1600,1600,1600,1600,1600
GET,/api/v1/accounts/fef8369e-48c1-42fc-bb85-5df4bec0f04a/balance?as_of=2026-06-14T05%3A54%3A54.955098%2B00%3A00,1,0,1500.902945001144,1500.902945001144,1500.902945001144,1500.902945001144,57.0,0.01735432706601488,0.0,1500,1500,1500,1500,1500,1500,1500,1500,1500,1500,1500
GET,/api/v1/accounts/fef8369e-48c1-42fc-bb85-5df4bec0f04a/balance?as_of=2026-06-14T05%3A54%3A55.026816%2B00%3A00,1,0,1427.2959919981076,1427.2959919981076,1427.2959919981076,1427.2959919981076,57.0,0.01735432706601488,0.0,1400,1400,1400,1400,1400,1400,1400,1400,1400,1400,1400
GET,/api/v1/accounts/fef8369e-48c1-42fc-bb85-5df4bec0f04a/balance?as_of=2026-06-14T05%3A54%3A55.120036%2B00%3A00,1,0,1335.056538999197,1335.056538999197,1335.056538999197,1335.056538999197,57.0,0.01735432706601488,0.0,1300,1300,1300,1300,1300,1300,1300,1300,1300,1300,1300
GET,/api/v1/accounts/fef8369e-48c1-42fc-bb85-5df4bec0f04a/balance?as_of=2026-06-14T05%3A54%3A55.400299%2B00%3A00,1,0,1051.9777070003329,1051.9777070003329,1051.9777070003329,1051.9777070003329,57.0,0.01735432706601488,0.0,1100,1100,1100,1100,1100,1100,1100,1100,1100,1100,1100
GET,/api/v1/accounts/fef8369e-48c1-42fc-bb85-5df4bec0f04a/balance?as_of=2026-06-14T05%3A54%3A55.591838%2B00%3A00,1,0,865.0978509976994,865.0978509976994,865.0978509976994,865.0978509976994,57.0,0.01735432706601488,0.0,870,870,870,870,870,870,870,870,870,870,870
GET,/api/v1/accounts/fef8369e-48c1-42fc-bb85-5df4bec0f04a/balance?as_of=2026-06-14T05%3A54%3A56.391905%2B00%3A00,1,0,3941.063452999515,3941.063452999515,3941.063452999515,3941.063452999515,57.0,0.01735432706601488,0.0,3900,3900,3900,3900,3900,3900,3900,3900,3900,3900,3900
GET,/api/v1/accounts/fef8369e-48c1-42fc-bb85-5df4bec0f04a/balance?as_of=2026-06-14T05%3A54%3A56.393057%2B00%3A00,1,0,2433.5520359963994,2433.5520359963994,2433.5520359963994,2433.5520359963994,57.0,0.01735432706601488,0.0,2400,2400,2400,2400,2400,2400,2400,2400,2400,2400,2400
GET,/api/v1/accounts/fef8369e-48c1-42fc-bb85-5df4bec0f04a/balance?as_of=2026-06-14T05%3A54%3A56.394296%2B00%3A00,1,0,4300.668001000304,4300.668001000304,4300.668001000304,4300.668001000304,57.0,0.01735432706601488,0.0,4300,4300,4300,4300,4300,4300,4300,4300,4300,4300,4300
GET,/api/v1/accounts/fef8369e-48c1-42fc-bb85-5df4bec0f04a/balance?as_of=2026-06-14T05%3A54%3A56.395224%2B00%3A00,1,0,2621.861596002418,2621.861596002418,2621.861596002418,2621.861596002418,57.0,0.01735432706601488,0.0,2600,2600,2600,2600,2600,2600,2600,2600,2600,2600,2600
GET,/api/v1/accounts/fef8369e-48c1-42fc-bb85-5df4bec0f04a/balance?as_of=2026-06-14T05%3A54%3A56.397531%2B00%3A00,1,0,2508.915913000237,2508.915913000237,2508.915913000237,2508.915913000237,57.0,0.01735432706601488,0.0,2500,2500,2500,2500,2500,2500,2500,2500,2500,2500,2500
GET,/api/v1/accounts/fef8369e-48c1-42fc-bb85-5df4bec0f04a/balance?as_of=2026-06-14T05%3A54%3A56.412942%2B00%3A00,1,0,2604.4913090008777,2604.4913090008777,2604.4913090008777,2604.4913090008777,57.0,0.01735432706601488,0.0,2600,2600,2600,2600,2600,2600,2600,2600,2600,2600,2600
GET,/api/v1/accounts/fef8369e-48c1-42fc-bb85-5df4bec0f04a/balance?as_of=2026-06-14T05%3A54%3A56.420251%2B00%3A00,1,0,4505.933211999945,4505.933211999945,4505.933211999945,4505.933211999945,57.0,0.01735432706601488,0.0,4500,4500,4500,4500,4500,4500,4500,4500,4500,4500,4500
GET,/api/v1/accounts/fef8369e-48c1-42fc-bb85-5df4bec0f04a/balance?as_of=2026-06-14T05%3A54%3A56.430990%2B00%3A00,1,0,2477.675784000894,2477.675784000894,2477.675784000894,2477.675784000894,57.0,0.01735432706601488,0.0,2500,2500,2500,2500,2500,2500,2500,2500,2500,2500,2500
GET,/api/v1/accounts/fef8369e-48c1-42fc-bb85-5df4bec0f04a/balance?as_of=2026-06-14T05%3A54%3A56.450708%2B00%3A00,1,0,2455.550940001558,2455.550940001558,2455.550940001558,2455.550940001558,57.0,0.01735432706601488,0.0,2500,2500,2500,2500,2500,2500,2500,2500,2500,2500,2500
GET,/api/v1/accounts/fef8369e-48c1-42fc-bb85-5df4bec0f04a/balance?as_of=2026-06-14T05%3A54%3A56.492392%2B00%3A00,1,0,2418.283938000968,2418.283938000968,2418.283938000968,2418.283938000968,57.0,0.01735432706601488,0.0,2400,2400,2400,2400,2400,2400,2400,2400,2400,2400,2400
GET,/api/v1/accounts/fef8369e-48c1-42fc-bb85-5df4bec0f04a/balance?as_of=2026-06-14T05%3A54%3A56.684061%2B00%3A00,1,0,3625.9776809965842,3625.9776809965842,3625.9776809965842,3625.9776809965842,57.0,0.01735432706601488,0.0,3600,3600,3600,3600,3600,3600,3600,3600,3600,3600,3600
GET,/api/v1/accounts/fef8369e-48c1-42fc-bb85-5df4bec0f04a/balance?as_of=2026-06-14T05%3A54%3A56.779923%2B00%3A00,1,0,3530.884744999639,3530.884744999639,3530.884744999639,3530.884744999639,57.0,0.01735432706601488,0.0,3500,3500,3500,3500,3500,3500,3500,3500,3500,3500,3500
GET,/api/v1/accounts/fef8369e-48c1-42fc-bb85-5df4bec0f04a/balance?as_of=2026-06-14T05%3A54%3A56.995152%2B00%3A00,1,0,1912.0091639997554,1912.0091639997554,1912.0091639997554,1912.0091639997554,57.0,0.01735432706601488,0.0,1900,1900,1900,1900,1900,1900,1900,1900,1900,1900,1900
GET,/api/v1/accounts/fef8369e-48c1-42fc-bb85-5df4bec0f04a/balance?as_of=2026-06-14T05%3A54%3A57.549181%2B00%3A00,1,0,3147.4074800062226,3147.4074800062226,3147.4074800062226,3147.4074800062226,57.0,0.01735432706601488,0.0,3100,3100,3100,3100,3100,3100,3100,3100,3100,3100,3100
GET,/api/v1/accounts/fef8369e-48c1-42fc-bb85-5df4bec0f04a/balance?as_of=2026-06-14T05%3A54%3A57.614516%2B00%3A00,1,0,4592.7701460022945,4592.7701460022945,4592.7701460022945,4592.7701460022945,57.0,0.01735432706601488,0.0,4600,4600,4600,4600,4600,4600,4600,4600,4600,4600,4600
GET,/api/v1/accounts/fef8369e-48c1-42fc-bb85-5df4bec0f04a/balance?as_of=2026-06-14T05%3A54%3A57.963738%2B00%3A00,1,0,2732.4296000006143,2732.4296000006143,2732.4296000006143,2732.4296000006143,57.0,0.01735432706601488,0.0,2700,2700,2700,2700,2700,2700,2700,2700,2700,2700,2700
GET,/api/v1/accounts/fef8369e-48c1-42fc-bb85-5df4bec0f04a/balance?as_of=2026-06-14T05%3A54%3A58.153487%2B00%3A00,1,0,753.3421730040573,753.3421730040573,753.3421730040573,753.3421730040573,57.0,0.01735432706601488,0.0,750,750,750,750,750,750,750,750,750,750,750
GET,/api/v1/accounts/fef8369e-48c1-42fc-bb85-5df4bec0f04a/balance?as_of=2026-06-14T05%3A54%3A58.238163%2B00%3A00,1,0,3968.2589570002165,3968.2589570002165,3968.2589570002165,3968.2589570002165,57.0,0.01735432706601488,0.0,4000,4000,4000,4000,4000,4000,4000,4000,4000,4000,4000
GET,/api/v1/accounts/fef8369e-48c1-42fc-bb85-5df4bec0f04a/balance?as_of=2026-06-14T05%3A54%3A58.504573%2B00%3A00,1,0,3703.7461470026756,3703.7461470026756,3703.7461470026756,3703.7461470026756,57.0,0.01735432706601488,0.0,3700,3700,3700,3700,3700,3700,3700,3700,3700,3700,3700
GET,/api/v1/accounts/fef8369e-48c1-42fc-bb85-5df4bec0f04a/balance?as_of=2026-06-14T05%3A54%3A58.505907%2B00%3A00,1,0,3701.7733000029693,3701.7733000029693,3701.7733000029693,3701.7733000029693,57.0,0.01735432706601488,0.0,3700,3700,3700,3700,3700,3700,3700,3700,3700,3700,3700
GET,/api/v1/accounts/fef8369e-48c1-42fc-bb85-5df4bec0f04a/balance?as_of=2026-06-14T05%3A54%3A58.541145%2B00%3A00,1,0,3931.452506003552,3931.452506003552,3931.452506003552,3931.452506003552,57.0,0.01735432706601488,0.0,3900,3900,3900,3900,3900,3900,3900,3900,3900,3900,3900
GET,/api/v1/accounts/fef8369e-48c1-42fc-bb85-5df4bec0f04a/balance?as_of=2026-06-14T05%3A54%3A58.608409%2B00%3A00,1,0,3722.1190619966364,3722.1190619966364,3722.1190619966364,3722.1190619966364,57.0,0.01735432706601488,0.0,3700,3700,3700,3700,3700,3700,3700,3700,3700,3700,3700
GET,/api/v1/accounts/fef8369e-48c1-42fc-bb85-5df4bec0f04a/balance?as_of=2026-06-14T05%3A54%3A58.880478%2B00%3A00,1,0,3327.4630369996885,3327.4630369996885,3327.4630369996885,3327.4630369996885,57.0,0.01735432706601488,0.0,3300,3300,3300,3300,3300,3300,3300,3300,3300,3300,3300
GET,/api/v1/accounts/fef8369e-48c1-42fc-bb85-5df4bec0f04a/balance?as_of=2026-06-14T05%3A54%3A58.978168%2B00%3A00,1,0,3228.488829001435,3228.488829001435,3228.488829001435,3228.488829001435,57.0,0.01735432706601488,0.0,3200,3200,3200,3200,3200,3200,3200,3200,3200,3200,3200
GET,/api/v1/accounts/fef8369e-48c1-42fc-bb85-5df4bec0f04a/balance?as_of=2026-06-14T05%3A54%3A59.104514%2B00%3A00,1,0,2399.9054189989693,2399.9054189989693,2399.9054189989693,2399.9054189989693,57.0,0.01735432706601488,0.0,2400,2400,2400,2400,2400,2400,2400,2400,2400,2400,2400
GET,/api/v1/accounts/fef8369e-48c1-42fc-bb85-5df4bec0f04a/balance?as_of=2026-06-14T05%3A54%3A59.201138%2B00%3A00,1,0,656.3596170017263,656.3596170017263,656.3596170017263,656.3596170017263,57.0,0.01735432706601488,0.0,660,660,660,660,660,660,660,660,660,660,660
GET,/api/v1/accounts/fef8369e-48c1-42fc-bb85-5df4bec0f04a/balance?as_of=2026-06-14T05%3A54%3A59.208199%2B00%3A00,1,0,644.5380459990702,644.5380459990702,644.5380459990702,644.5380459990702,57.0,0.01735432706601488,0.0,640,640,640,640,640,640,640,640,640,640,640
GET,/api/v1/accounts/fef8369e-48c1-42fc-bb85-5df4bec0f04a/balance?as_of=2026-06-14T05%3A54%3A59.288897%2B00%3A00,1,0,3183.9863569985027,3183.9863569985027,3183.9863569985027,3183.9863569985027,57.0,0.01735432706601488,0.0,3200,3200,3200,3200,3200,3200,3200,3200,3200,3200,3200
GET,/api/v1/accounts/fef8369e-48c1-42fc-bb85-5df4bec0f04a/balance?as_of=2026-06-14T05%3A54%3A59.372547%2B00%3A00,1,0,497.9059329998563,497.9059329998563,497.9059329998563,497.9059329998563,57.0,0.01735432706601488,0.0,500,500,500,500,500,500,500,500,500,500,500
GET,/api/v1/accounts/fef8369e-48c1-42fc-bb85-5df4bec0f04a/balance?as_of=2026-06-14T05%3A54%3A59.656546%2B00%3A00,1,0,1870.031819002179,1870.031819002179,1870.031819002179,1870.031819002179,57.0,0.01735432706601488,0.0,1900,1900,1900,1900,1900,1900,1900,1900,1900,1900,1900
GET,/api/v1/accounts/fef8369e-48c1-42fc-bb85-5df4bec0f04a/balance?as_of=2026-06-14T05%3A54%3A59.670813%2B00%3A00,1,0,237.46065399609506,237.46065399609506,237.46065399609506,237.46065399609506,57.0,0.01735432706601488,0.0,240,240,240,240,240,240,240,240,240,240,240
GET,/api/v1/accounts/fef8369e-48c1-42fc-bb85-5df4bec0f04a/balance?as_of=2026-06-14T05%3A54%3A59.791238%2B00%3A00,1,0,2490.995145002671,2490.995145002671,2490.995145002671,2490.995145002671,57.0,0.01735432706601488,0.0,2500,2500,2500,2500,2500,2500,2500,2500,2500,2500,2500
GET,/api/v1/accounts/fef8369e-48c1-42fc-bb85-5df4bec0f04a/balance?as_of=2026-06-14T05%3A54%3A59.957835%2B00%3A00,1,0,1589.180356997531,1589.180356997531,1589.180356997531,1589.180356997531,57.0,0.01735432706601488,0.0,1600,1600,1600,1600,1600,1600,1600,1600,1600,1600,1600
GET,/api/v1/accounts/fef8369e-48c1-42fc-bb85-5df4bec0f04a/balance?as_of=2026-06-14T05%3A55%3A00.066403%2B00%3A00,1,0,1504.7357069997815,1504.7357069997815,1504.7357069997815,1504.7357069997815,57.0,0.01735432706601488,0.0,1500,1500,1500,1500,1500,1500,1500,1500,1500,1500,1500
GET,/api/v1/accounts/fef8369e-48c1-42fc-bb85-5df4bec0f04a/balance?as_of=2026-06-14T05%3A55%3A00.858303%2B00%3A00,1,0,1122.7717379952082,1122.7717379952082,1122.7717379952082,1122.7717379952082,57.0,0.01735432706601488,0.0,1100,1100,1100,1100,1100,1100,1100,1100,1100,1100,1100
GET,/api/v1/accounts/fef8369e-48c1-42fc-bb85-5df4bec0f04a/balance?as_of=2026-06-14T05%3A55%3A01.211313%2B00%3A00,1,0,828.5578010036261,828.5578010036261,828.5578010036261,828.5578010036261,57.0,0.01735432706601488,0.0,830,830,830,830,830,830,830,830,830,830,830
GET,/api/v1/accounts/fef8369e-48c1-42fc-bb85-5df4bec0f04a/balance?as_of=2026-06-14T05%3A55%3A01.336438%2B00%3A00,1,0,2769.5204460032983,2769.5204460032983,2769.5204460032983,2769.5204460032983,57.0,0.01735432706601488,0.0,2800,2800,2800,2800,2800,2800,2800,2800,2800,2800,2800
GET,/api/v1/accounts/fef8369e-48c1-42fc-bb85-5df4bec0f04a/balance?as_of=2026-06-14T05%3A55%3A01.809641%2B00%3A00,1,0,1452.1081749990117,1452.1081749990117,1452.1081749990117,1452.1081749990117,57.0,0.01735432706601488,0.0,1500,1500,1500,1500,1500,1500,1500,1500,1500,1500,1500
GET,/api/v1/accounts/fef8369e-48c1-42fc-bb85-5df4bec0f04a/balance?as_of=2026-06-14T05%3A55%3A01.839907%2B00%3A00,1,0,1623.10256499768,1623.10256499768,1623.10256499768,1623.10256499768,57.0,0.01735432706601488,0.0,1600,1600,1600,1600,1600,1600,1600,1600,1600,1600,1600
GET,/api/v1/accounts/fef8369e-48c1-42fc-bb85-5df4bec0f04a/balance?as_of=2026-06-14T05%3A55%3A02.442422%2B00%3A00,1,0,1191.8877689968213,1191.8877689968213,1191.8877689968213,1191.8877689968213,57.0,0.01735432706601488,0.0,1200,1200,1200,1200,1200,1200,1200,1200,1200,1200,1200
GET,/api/v1/accounts/fef8369e-48c1-42fc-bb85-5df4bec0f04a/balance?as_of=2026-06-14T05%3A55%3A02.697431%2B00%3A00,1,0,2448.14786400093,2448.14786400093,2448.14786400093,2448.14786400093,57.0,0.01735432706601488,0.0,2400,2400,2400,2400,2400,2400,2400,2400,2400,2400,2400
GET,/api/v1/accounts/fef8369e-48c1-42fc-bb85-5df4bec0f04a/balance?as_of=2026-06-14T05%3A55%3A03.054851%2B00%3A00,1,0,2042.2029929977725,2042.2029929977725,2042.2029929977725,2042.2029929977725,57.0,0.01735432706601488,0.0,2000,2000,2000,2000,2000,2000,2000,2000,2000,2000,2000
GET,/api/v1/accounts/fef8369e-48c1-42fc-bb85-5df4bec0f04a/balance?as_of=2026-06-14T05%3A55%3A03.524542%2B00%3A00,1,0,414.66866500559263,414.66866500559263,414.66866500559263,414.66866500559263,57.0,0.01735432706601488,0.0,410,410,410,410,410,410,410,410,410,410,410
GET,/api/v1/accounts/fef8369e-48c1-42fc-bb85-5df4bec0f04a/balance?as_of=2026-06-14T05%3A55%3A03.539230%2B00%3A00,1,0,462.3806660019909,462.3806660019909,462.3806660019909,462.3806660019909,57.0,0.01735432706601488,0.0,460,460,460,460,460,460,460,460,460,460,460
GET,/api/v1/accounts/fef8369e-48c1-42fc-bb85-5df4bec0f04a/balance?as_of=2026-06-14T05%3A55%3A03.631123%2B00%3A00,1,0,739.4193810032448,739.4193810032448,739.4193810032448,739.4193810032448,57.0,0.01735432706601488,0.0,740,740,740,740,740,740,740,740,740,740,740
GET,/api/v1/accounts/fef8369e-48c1-42fc-bb85-5df4bec0f04a/balance?as_of=2026-06-14T05%3A55%3A03.818142%2B00%3A00,1,0,1358.2159659999888,1358.2159659999888,1358.2159659999888,1358.2159659999888,57.0,0.01735432706601488,0.0,1400,1400,1400,1400,1400,1400,1400,1400,1400,1400,1400
GET,/api/v1/accounts/fef8369e-48c1-42fc-bb85-5df4bec0f04a/balance?as_of=2026-06-14T05%3A55%3A04.004263%2B00%3A00,1,0,1447.1608750027372,1447.1608750027372,1447.1608750027372,1447.1608750027372,57.0,0.01735432706601488,0.0,1400,1400,1400,1400,1400,1400,1400,1400,1400,1400,1400
GET,/api/v1/accounts/fef8369e-48c1-42fc-bb85-5df4bec0f04a/balance?as_of=2026-06-14T05%3A55%3A04.053466%2B00%3A00,1,0,1137.4422660010168,1137.4422660010168,1137.4422660010168,1137.4422660010168,57.0,0.01735432706601488,0.0,1100,1100,1100,1100,1100,1100,1100,1100,1100,1100,1100
GET,/api/v1/accounts/fef8369e-48c1-42fc-bb85-5df4bec0f04a/balance?as_of=2026-06-14T05%3A55%3A04.241936%2B00%3A00,1,0,904.6020079986192,904.6020079986192,904.6020079986192,904.6020079986192,57.0,0.01735432706601488,0.0,900,900,900,900,900,900,900,900,900,900,900
GET,/api/v1/accounts/fef8369e-48c1-42fc-bb85-5df4bec0f04a/balance?as_of=2026-06-14T05%3A55%3A04.295913%2B00%3A00,1,0,848.5838959968532,848.5838959968532,848.5838959968532,848.5838959968532,57.0,0.01735432706601488,0.0,850,850,850,850,850,850,850,850,850,850,850
GET,/api/v1/accounts/fef8369e-48c1-42fc-bb85-5df4bec0f04a/balance?as_of=2026-06-14T05%3A55%3A04.311435%2B00%3A00,1,0,1108.095063995279,1108.095063995279,1108.095063995279,1108.095063995279,57.0,0.01735432706601488,0.0,1100,1100,1100,1100,1100,1100,1100,1100,1100,1100,1100
GET,/api/v1/accounts/fef8369e-48c1-42fc-bb85-5df4bec0f04a/balance?as_of=2026-06-14T05%3A55%3A04.364724%2B00%3A00,1,0,55.80097099300474,55.80097099300474,55.80097099300474,55.80097099300474,57.0,0.01735432706601488,0.0,56,56,56,56,56,56,56,56,56,56,56
GET,/api/v1/accounts/fef8369e-48c1-42fc-bb85-5df4bec0f04a/balance?as_of=2026-06-14T05%3A55%3A04.599156%2B00%3A00,1,0,975.1334899992798,975.1334899992798,975.1334899992798,975.1334899992798,57.0,0.01735432706601488,0.0,980,980,980,980,980,980,980,980,980,980,980
GET,/api/v1/accounts/fef8369e-48c1-42fc-bb85-5df4bec0f04a/balance?as_of=2026-06-14T05%3A55%3A04.715747%2B00%3A00,1,0,1346.30420999747,1346.30420999747,1346.30420999747,1346.30420999747,57.0,0.01735432706601488,0.0,1300,1300,1300,1300,1300,1300,1300,1300,1300,1300,1300
GET,/api/v1/accounts/fef8369e-48c1-42fc-bb85-5df4bec0f04a/balance?as_of=2026-06-14T05%3A55%3A04.717829%2B00%3A00,1,0,856.1274849998881,856.1274849998881,856.1274849998881,856.1274849998881,57.0,0.01735432706601488,0.0,860,860,860,860,860,860,860,860,860,860,860
GET,/api/v1/accounts/fef8369e-48c1-42fc-bb85-5df4bec0f04a/balance?as_of=2026-06-14T05%3A55%3A04.727693%2B00%3A00,1,0,1333.7916069940547,1333.7916069940547,1333.7916069940547,1333.7916069940547,57.0,0.01735432706601488,0.0,1300,1300,1300,1300,1300,1300,1300,1300,1300,1300,1300
GET,/api/v1/accounts/fef8369e-48c1-42fc-bb85-5df4bec0f04a/balance?as_of=2026-06-14T05%3A55%3A04.754934%2B00%3A00,1,0,341.2253089991282,341.2253089991282,341.2253089991282,341.2253089991282,57.0,0.01735432706601488,0.0,340,340,340,340,340,340,340,340,340,340,340
GET,/api/v1/accounts/fef8369e-48c1-42fc-bb85-5df4bec0f04a/balance?as_of=2026-06-14T05%3A55%3A04.996799%2B00%3A00,1,0,1221.0115479974775,1221.0115479974775,1221.0115479974775,1221.0115479974775,57.0,0.01735432706601488,0.0,1200,1200,1200,1200,1200,1200,1200,1200,1200,1200,1200
GET,/api/v1/accounts/fef8369e-48c1-42fc-bb85-5df4bec0f04a/balance?as_of=2026-06-14T05%3A55%3A05.224072%2B00%3A00,1,0,1122.147551002854,1122.147551002854,1122.147551002854,1122.147551002854,57.0,0.01735432706601488,0.0,1100,1100,1100,1100,1100,1100,1100,1100,1100,1100,1100
GET,/api/v1/accounts/fef8369e-48c1-42fc-bb85-5df4bec0f04a/balance?as_of=2026-06-14T05%3A55%3A05.260635%2B00%3A00,1,0,1080.9373649972258,1080.9373649972258,1080.9373649972258,1080.9373649972258,57.0,0.01735432706601488,0.0,1100,1100,1100,1100,1100,1100,1100,1100,1100,1100,1100
GET,/api/v1/accounts/fef8369e-48c1-42fc-bb85-5df4bec0f04a/balance?as_of=2026-06-14T05%3A55%3A05.369505%2B00%3A00,1,0,898.7301260058302,898.7301260058302,898.7301260058302,898.7301260058302,57.0,0.01735432706601488,0.0,900,900,900,900,900,900,900,900,900,900,900
GET,/api/v1/accounts/fef8369e-48c1-42fc-bb85-5df4bec0f04a/balance?as_of=2026-06-14T05%3A55%3A05.480170%2B00%3A00,1,0,1885.6565870009945,1885.6565870009945,1885.6565870009945,1885.6565870009945,57.0,0.01735432706601488,0.0,1900,1900,1900,1900,1900,1900,1900,1900,1900,1900,1900
GET,/api/v1/accounts/fef8369e-48c1-42fc-bb85-5df4bec0f04a/balance?as_of=2026-06-14T05%3A55%3A05.549744%2B00%3A00,1,0,545.9846980011207,545.9846980011207,545.9846980011207,545.9846980011207,57.0,0.01735432706601488,0.0,550,550,550,550,550,550,550,550,550,550,550
GET,/api/v1/accounts/fef8369e-48c1-42fc-bb85-5df4bec0f04a/balance?as_of=2026-06-14T05%3A55%3A05.582618%2B00%3A00,1,0,993.6492979977629,993.6492979977629,993.6492979977629,993.6492979977629,57.0,0.01735432706601488,0.0,990,990,990,990,990,990,990,990,990,990,990
GET,/api/v1/accounts/fef8369e-48c1-42fc-bb85-5df4bec0f04a/balance?as_of=2026-06-14T05%3A55%3A05.777221%2B00%3A00,1,0,1444.7658339995542,1444.7658339995542,1444.7658339995542,1444.7658339995542,57.0,0.01735432706601488,0.0,1400,1400,1400,1400,1400,1400,1400,1400,1400,1400,1400
GET,/api/v1/accounts/fef8369e-48c1-42fc-bb85-5df4bec0f04a/balance?as_of=2026-06-14T05%3A55%3A05.817855%2B00%3A00,1,0,64.13770600192947,64.13770600192947,64.13770600192947,64.13770600192947,57.0,0.01735432706601488,0.0,64,64,64,64,64,64,64,64,64,64,64
GET,/api/v1/accounts/fef8369e-48c1-42fc-bb85-5df4bec0f04a/balance?as_of=2026-06-14T05%3A55%3A05.942032%2B00%3A00,1,0,1424.3379740000819,1424.3379740000819,1424.3379740000819,1424.3379740000819,57.0,0.01735432706601488,0.0,1400,1400,1400,1400,1400,1400,1400,1400,1400,1400,1400
GET,/api/v1/accounts/fef8369e-48c1-42fc-bb85-5df4bec0f04a/balance?as_of=2026-06-14T05%3A55%3A05.993230%2B00%3A00,1,0,66.9506230042316,66.9506230042316,66.9506230042316,66.9506230042316,57.0,0.01735432706601488,0.0,67,67,67,67,67,67,67,67,67,67,67
GET,/api/v1/accounts/fef8369e-48c1-42fc-bb85-5df4bec0f04a/balance?as_of=2026-06-14T05%3A55%3A06.202811%2B00%3A00,1,0,1249.9968839983921,1249.9968839983921,1249.9968839983921,1249.9968839983921,57.0,0.01735432706601488,0.0,1200,1200,1200,1200,1200,1200,1200,1200,1200,1200,1200
GET,/api/v1/accounts/fef8369e-48c1-42fc-bb85-5df4bec0f04a/balance?as_of=2026-06-14T05%3A55%3A06.283748%2B00%3A00,1,0,2501.175182995212,2501.175182995212,2501.175182995212,2501.175182995212,57.0,0.01735432706601488,0.0,2500,2500,2500,2500,2500,2500,2500,2500,2500,2500,2500
GET,/api/v1/accounts/fef8369e-48c1-42fc-bb85-5df4bec0f04a/balance?as_of=2026-06-14T05%3A55%3A06.563931%2B00%3A00,1,0,1323.435401005554,1323.435401005554,1323.435401005554,1323.435401005554,57.0,0.01735432706601488,0.0,1300,1300,1300,1300,1300,1300,1300,1300,1300,1300,1300
GET,/api/v1/accounts/fef8369e-48c1-42fc-bb85-5df4bec0f04a/balance?as_of=2026-06-14T05%3A55%3A06.748004%2B00%3A00,1,0,1314.7013940033503,1314.7013940033503,1314.7013940033503,1314.7013940033503,57.0,0.01735432706601488,0.0,1300,1300,1300,1300,1300,1300,1300,1300,1300,1300,1300
GET,/api/v1/accounts/fef8369e-48c1-42fc-bb85-5df4bec0f04a/balance?as_of=2026-06-14T05%3A55%3A07.223208%2B00%3A00,1,0,2577.8692000021692,2577.8692000021692,2577.8692000021692,2577.8692000021692,57.0,0.01735432706601488,0.0,2600,2600,2600,2600,2600,2600,2600,2600,2600,2600,2600
GET,/api/v1/accounts/fef8369e-48c1-42fc-bb85-5df4bec0f04a/balance?as_of=2026-06-14T05%3A55%3A07.258384%2B00%3A00,1,0,430.63756699848454,430.63756699848454,430.63756699848454,430.63756699848454,57.0,0.01735432706601488,0.0,430,430,430,430,430,430,430,430,430,430,430
GET,/api/v1/accounts/fef8369e-48c1-42fc-bb85-5df4bec0f04a/balance?as_of=2026-06-14T05%3A55%3A07.324549%2B00%3A00,1,0,1743.6789529965608,1743.6789529965608,1743.6789529965608,1743.6789529965608,57.0,0.01735432706601488,0.0,1700,1700,1700,1700,1700,1700,1700,1700,1700,1700,1700
GET,/api/v1/accounts/fef8369e-48c1-42fc-bb85-5df4bec0f04a/balance?as_of=2026-06-14T05%3A55%3A07.327148%2B00%3A00,1,0,401.6802359983558,401.6802359983558,401.6802359983558,401.6802359983558,57.0,0.01735432706601488,0.0,400,400,400,400,400,400,400,400,400,400,400
GET,/api/v1/accounts/fef8369e-48c1-42fc-bb85-5df4bec0f04a/balance?as_of=2026-06-14T05%3A55%3A07.362971%2B00%3A00,1,0,2465.3496889950475,2465.3496889950475,2465.3496889950475,2465.3496889950475,57.0,0.01735432706601488,0.0,2500,2500,2500,2500,2500,2500,2500,2500,2500,2500,2500
GET,/api/v1/accounts/fef8369e-48c1-42fc-bb85-5df4bec0f04a/balance?as_of=2026-06-14T05%3A55%3A07.475702%2B00%3A00,1,0,2100.357005998376,2100.357005998376,2100.357005998376,2100.357005998376,57.0,0.01735432706601488,0.0,2100,2100,2100,2100,2100,2100,2100,2100,2100,2100,2100
GET,/api/v1/accounts/fef8369e-48c1-42fc-bb85-5df4bec0f04a/balance?as_of=2026-06-14T05%3A55%3A07.539631%2B00%3A00,1,0,2177.922283000953,2177.922283000953,2177.922283000953,2177.922283000953,57.0,0.01735432706601488,0.0,2200,2200,2200,2200,2200,2200,2200,2200,2200,2200,2200
GET,/api/v1/accounts/fef8369e-48c1-42fc-bb85-5df4bec0f04a/balance?as_of=2026-06-14T05%3A55%3A07.624747%2B00%3A00,1,0,2176.68135400163,2176.68135400163,2176.68135400163,2176.68135400163,57.0,0.01735432706601488,0.0,2200,2200,2200,2200,2200,2200,2200,2200,2200,2200,2200
GET,/api/v1/accounts/fef8369e-48c1-42fc-bb85-5df4bec0f04a/balance?as_of=2026-06-14T05%3A55%3A07.668322%2B00%3A00,1,0,1966.0701879984117,1966.0701879984117,1966.0701879984117,1966.0701879984117,57.0,0.01735432706601488,0.0,2000,2000,2000,2000,2000,2000,2000,2000,2000,2000,2000
GET,/api/v1/accounts/fef8369e-48c1-42fc-bb85-5df4bec0f04a/balance?as_of=2026-06-14T05%3A55%3A07.911457%2B00%3A00,1,0,1916.4292510031373,1916.4292510031373,1916.4292510031373,1916.4292510031373,57.0,0.01735432706601488,0.0,1900,1900,1900,1900,1900,1900,1900,1900,1900,1900,1900
GET,/api/v1/accounts/fef8369e-48c1-42fc-bb85-5df4bec0f04a/balance?as_of=2026-06-14T05%3A55%3A07.928508%2B00%3A00,1,0,460.2544180015684,460.2544180015684,460.2544180015684,460.2544180015684,57.0,0.01735432706601488,0.0,460,460,460,460,460,460,460,460,460,460,460
GET,/api/v1/accounts/fef8369e-48c1-42fc-bb85-5df4bec0f04a/balance?as_of=2026-06-14T05%3A55%3A07.931701%2B00%3A00,1,0,511.26270700478926,511.26270700478926,511.26270700478926,511.26270700478926,57.0,0.01735432706601488,0.0,510,510,510,510,510,510,510,510,510,510,510
GET,/api/v1/accounts/fef8369e-48c1-42fc-bb85-5df4bec0f04a/balance?as_of=2026-06-14T05%3A55%3A08.218706%2B00%3A00,1,0,386.92861999879824,386.92861999879824,386.92861999879824,386.92861999879824,57.0,0.01735432706601488,0.0,390,390,390,390,390,390,390,390,390,390,390
GET,/api/v1/accounts/fef8369e-48c1-42fc-bb85-5df4bec0f04a/balance?as_of=2026-06-14T05%3A55%3A08.461870%2B00%3A00,1,0,1142.4193809943972,1142.4193809943972,1142.4193809943972,1142.4193809943972,57.0,0.01735432706601488,0.0,1100,1100,1100,1100,1100,1100,1100,1100,1100,1100,1100
GET,/api/v1/accounts/fef8369e-48c1-42fc-bb85-5df4bec0f04a/balance?as_of=2026-06-14T05%3A55%3A08.529639%2B00%3A00,1,0,2521.9402060029097,2521.9402060029097,2521.9402060029097,2521.9402060029097,57.0,0.01735432706601488,0.0,2500,2500,2500,2500,2500,2500,2500,2500,2500,2500,2500
GET,/api/v1/accounts/fef8369e-48c1-42fc-bb85-5df4bec0f04a/balance?as_of=2026-06-14T05%3A55%3A08.615691%2B00%3A00,1,0,2042.954741002177,2042.954741002177,2042.954741002177,2042.954741002177,57.0,0.01735432706601488,0.0,2000,2000,2000,2000,2000,2000,2000,2000,2000,2000,2000
GET,/api/v1/accounts/fef8369e-48c1-42fc-bb85-5df4bec0f04a/balance?as_of=2026-06-14T05%3A55%3A08.722305%2B00%3A00,1,0,1465.7825030008098,1465.7825030008098,1465.7825030008098,1465.7825030008098,57.0,0.01735432706601488,0.0,1500,1500,1500,1500,1500,1500,1500,1500,1500,1500,1500
GET,/api/v1/accounts/fef8369e-48c1-42fc-bb85-5df4bec0f04a/balance?as_of=2026-06-14T05%3A55%3A08.852285%2B00%3A00,1,0,2072.358252997219,2072.358252997219,2072.358252997219,2072.358252997219,57.0,0.01735432706601488,0.0,2100,2100,2100,2100,2100,2100,2100,2100,2100,2100,2100
GET,/api/v1/accounts/fef8369e-48c1-42fc-bb85-5df4bec0f04a/balance?as_of=2026-06-14T05%3A55%3A09.188118%2B00%3A00,1,0,2079.697704000864,2079.697704000864,2079.697704000864,2079.697704000864,57.0,0.01735432706601488,0.0,2100,2100,2100,2100,2100,2100,2100,2100,2100,2100,2100
GET,/api/v1/accounts/fef8369e-48c1-42fc-bb85-5df4bec0f04a/balance?as_of=2026-06-14T05%3A55%3A09.523980%2B00%3A00,1,0,1867.65567400289,1867.65567400289,1867.65567400289,1867.65567400289,57.0,0.01735432706601488,0.0,1900,1900,1900,1900,1900,1900,1900,1900,1900,1900,1900
GET,/api/v1/accounts/fef8369e-48c1-42fc-bb85-5df4bec0f04a/balance?as_of=2026-06-14T05%3A55%3A09.585917%2B00%3A00,1,0,1137.2250260028522,1137.2250260028522,1137.2250260028522,1137.2250260028522,57.0,0.01735432706601488,0.0,1100,1100,1100,1100,1100,1100,1100,1100,1100,1100,1100
GET,/api/v1/accounts/fef8369e-48c1-42fc-bb85-5df4bec0f04a/balance?as_of=2026-06-14T05%3A55%3A09.941093%2B00%3A00,1,0,1673.994427001162,1673.994427001162,1673.994427001162,1673.994427001162,57.0,0.01735432706601488,0.0,1700,1700,1700,1700,1700,1700,1700,1700,1700,1700,1700
GET,/api/v1/accounts/fef8369e-48c1-42fc-bb85-5df4bec0f04a/balance?as_of=2026-06-14T05%3A55%3A10.122201%2B00%3A00,1,0,1639.10420499451,1639.10420499451,1639.10420499451,1639.10420499451,57.0,0.01735432706601488,0.0,1600,1600,1600,1600,1600,1600,1600,1600,1600,1600,1600
GET,/api/v1/accounts/fef8369e-48c1-42fc-bb85-5df4bec0f04a/balance?as_of=2026-06-14T05%3A55%3A10.313280%2B00%3A00,1,0,1437.9940869985148,1437.9940869985148,1437.9940869985148,1437.9940869985148,57.0,0.01735432706601488,0.0,1400,1400,1400,1400,1400,1400,1400,1400,1400,1400,1400
GET,/api/v1/accounts/fef8369e-48c1-42fc-bb85-5df4bec0f04a/balance?as_of=2026-06-14T05%3A55%3A10.371871%2B00%3A00,1,0,1396.9465319969459,1396.9465319969459,1396.9465319969459,1396.9465319969459,57.0,0.01735432706601488,0.0,1400,1400,1400,1400,1400,1400,1400,1400,1400,1400,1400
GET,/api/v1/accounts/fef8369e-48c1-42fc-bb85-5df4bec0f04a/balance?as_of=2026-06-14T05%3A55%3A10.789167%2B00%3A00,1,0,1175.8368330047233,1175.8368330047233,1175.8368330047233,1175.8368330047233,57.0,0.01735432706601488,0.0,1200,1200,1200,1200,1200,1200,1200,1200,1200,1200,1200
GET,/api/v1/accounts/fef8369e-48c1-42fc-bb85-5df4bec0f04a/balance?as_of=2026-06-14T05%3A55%3A10.877312%2B00%3A00,1,0,1362.1106350037735,1362.1106350037735,1362.1106350037735,1362.1106350037735,57.0,0.01735432706601488,0.0,1400,1400,1400,1400,1400,1400,1400,1400,1400,1400,1400
GET,/api/v1/accounts/fef8369e-48c1-42fc-bb85-5df4bec0f04a/balance?as_of=2026-06-14T05%3A55%3A10.976015%2B00%3A00,1,0,1484.239183999307,1484.239183999307,1484.239183999307,1484.239183999307,57.0,0.01735432706601488,0.0,1500,1500,1500,1500,1500,1500,1500,1500,1500,1500,1500
GET,/api/v1/accounts/fef8369e-48c1-42fc-bb85-5df4bec0f04a/balance?as_of=2026-06-14T05%3A55%3A11.045880%2B00%3A00,1,0,1400.987849003286,1400.987849003286,1400.987849003286,1400.987849003286,57.0,0.01735432706601488,0.0,1400,1400,1400,1400,1400,1400,1400,1400,1400,1400,1400
GET,/api/v1/accounts/fef8369e-48c1-42fc-bb85-5df4bec0f04a/balance?as_of=2026-06-14T05%3A55%3A11.096188%2B00%3A00,1,0,1350.3830050030956,1350.3830050030956,1350.3830050030956,1350.3830050030956,57.0,0.01735432706601488,0.0,1400,1400,1400,1400,1400,1400,1400,1400,1400,1400,1400
GET,/api/v1/accounts/fef8369e-48c1-42fc-bb85-5df4bec0f04a/balance?as_of=2026-06-14T05%3A55%3A11.134101%2B00%3A00,1,0,615.4163779938244,615.4163779938244,615.4163779938244,615.4163779938244,57.0,0.01735432706601488,0.0,620,620,620,620,620,620,620,620,620,620,620
GET,/api/v1/accounts/fef8369e-48c1-42fc-bb85-5df4bec0f04a/balance?as_of=2026-06-14T05%3A55%3A11.172759%2B00%3A00,1,0,577.5926160058589,577.5926160058589,577.5926160058589,577.5926160058589,57.0,0.01735432706601488,0.0,580,580,580,580,580,580,580,580,580,580,580
GET,/api/v1/accounts/fef8369e-48c1-42fc-bb85-5df4bec0f04a/balance?as_of=2026-06-14T05%3A55%3A11.537528%2B00%3A00,1,0,916.5498469956219,916.5498469956219,916.5498469956219,916.5498469956219,57.0,0.01735432706601488,0.0,920,920,920,920,920,920,920,920,920,920,920
GET,/api/v1/accounts/fef8369e-48c1-42fc-bb85-5df4bec0f04a/balance?as_of=2026-06-14T05%3A55%3A11.555358%2B00%3A00,1,0,1289.015655995172,1289.015655995172,1289.015655995172,1289.015655995172,57.0,0.01735432706601488,0.0,1300,1300,1300,1300,1300,1300,1300,1300,1300,1300,1300
GET,/api/v1/accounts/fef8369e-48c1-42fc-bb85-5df4bec0f04a/balance?as_of=2026-06-14T05%3A55%3A11.625104%2B00%3A00,1,0,422.7222029949189,422.7222029949189,422.7222029949189,422.7222029949189,57.0,0.01735432706601488,0.0,420,420,420,420,420,420,420,420,420,420,420
GET,/api/v1/accounts/fef8369e-48c1-42fc-bb85-5df4bec0f04a/balance?as_of=2026-06-14T05%3A55%3A11.945809%2B00%3A00,1,0,1555.4915869943216,1555.4915869943216,1555.4915869943216,1555.4915869943216,57.0,0.01735432706601488,0.0,1600,1600,1600,1600,1600,1600,1600,1600,1600,1600,1600
GET,/api/v1/accounts/fef8369e-48c1-42fc-bb85-5df4bec0f04a/balance?as_of=2026-06-14T05%3A55%3A12.093023%2B00%3A00,1,0,1269.3809120028163,1269.3809120028163,1269.3809120028163,1269.3809120028163,57.0,0.01735432706601488,0.0,1300,1300,1300,1300,1300,1300,1300,1300,1300,1300,1300
GET,/api/v1/accounts/fef8369e-48c1-42fc-bb85-5df4bec0f04a/balance?as_of=2026-06-14T05%3A55%3A12.292352%2B00%3A00,1,0,1822.3422059963923,1822.3422059963923,1822.3422059963923,1822.3422059963923,57.0,0.01735432706601488,0.0,1800,1800,1800,1800,1800,1800,1800,1800,1800,1800,1800
GET,/api/v1/accounts/fef8369e-48c1-42fc-bb85-5df4bec0f04a/balance?as_of=2026-06-14T05%3A55%3A12.444332%2B00%3A00,1,0,123.12554799427744,123.12554799427744,123.12554799427744,123.12554799427744,57.0,0.01735432706601488,0.0,120,120,120,120,120,120,120,120,120,120,120
GET,/api/v1/accounts/fef8369e-48c1-42fc-bb85-5df4bec0f04a/balance?as_of=2026-06-14T05%3A55%3A12.497697%2B00%3A00,1,0,864.3406449991744,864.3406449991744,864.3406449991744,864.3406449991744,57.0,0.01735432706601488,0.0,860,860,860,860,860,860,860,860,860,860,860
GET,/api/v1/accounts/fef8369e-48c1-42fc-bb85-5df4bec0f04a/balance?as_of=2026-06-14T05%3A55%3A12.842546%2B00%3A00,1,0,1227.3867539988714,1227.3867539988714,1227.3867539988714,1227.3867539988714,57.0,0.01735432706601488,0.0,1200,1200,1200,1200,1200,1200,1200,1200,1200,1200,1200
GET,/api/v1/accounts/fef8369e-48c1-42fc-bb85-5df4bec0f04a/balance?as_of=2026-06-14T05%3A55%3A12.891029%2B00%3A00,1,0,378.77776400273433,378.77776400273433,378.77776400273433,378.77776400273433,57.0,0.01735432706601488,0.0,380,380,380,380,380,380,380,380,380,380,380
GET,/api/v1/accounts/fef8369e-48c1-42fc-bb85-5df4bec0f04a/balance?as_of=2026-06-14T05%3A55%3A13.001183%2B00%3A00,1,0,1097.352206998039,1097.352206998039,1097.352206998039,1097.352206998039,57.0,0.01735432706601488,0.0,1100,1100,1100,1100,1100,1100,1100,1100,1100,1100,1100
GET,/api/v1/accounts/fef8369e-48c1-42fc-bb85-5df4bec0f04a/balance?as_of=2026-06-14T05%3A55%3A13.031961%2B00%3A00,1,0,345.10601600049995,345.10601600049995,345.10601600049995,345.10601600049995,57.0,0.01735432706601488,0.0,350,350,350,350,350,350,350,350,350,350,350
GET,/api/v1/accounts/fef8369e-48c1-42fc-bb85-5df4bec0f04a/balance?as_of=2026-06-14T05%3A55%3A13.125658%2B00%3A00,1,0,199.9807980027981,199.9807980027981,199.9807980027981,199.9807980027981,57.0,0.01735432706601488,0.0,200,200,200,200,200,200,200,200,200,200,200
GET,/api/v1/accounts/fef8369e-48c1-42fc-bb85-5df4bec0f04a/balance?as_of=2026-06-14T05%3A55%3A13.325952%2B00%3A00,1,0,774.356091998925,774.356091998925,774.356091998925,774.356091998925,57.0,0.01735432706601488,0.0,770,770,770,770,770,770,770,770,770,770,770
POST,/api/v1/auth/login,100,0,16000.0,16920.389399189655,10718.648927999311,23861.185966998164,206.0,1.7354327066014883,0.0,16000,18000,20000,20000,22000,22000,23000,24000,24000,24000,24000
POST,/api/v1/transactions,428,0,3000.0,3741.148471747735,229.5334489972447,14050.035183005093,538.0,7.42765198425437,0.0,3000,4000,4800,5200,6700,9000,12000,13000,14000,14000,14000
,Aggregated,830,0,2800.0,4856.041325548129,55.80097099300474,23861.185966998164,426.1180722891566,14.404091464792351,0.0,2800,4100,5400,6600,14000,17000,21000,22000,24000,24000,24000
